id,first_name,last_name,email,gender,ip_address
1,Mavra,Raiker,mraiker0@patch.com,Female,225.249.89.237
2,Hayes,Jindracek,hjindracek1@g.co,Male,204.168.64.224
3,Flemming,Jeanet,fjeanet2@weibo.com,Male,155.188.111.140
4,Justin,Tunsley,jtunsley3@qq.com,Male,155.63.87.170
5,Sherlocke,Brunn,sbrunn4@wikipedia.org,Male,128.230.110.76
6,Loren,Twatt,ltwatt5@usgs.gov,Female,117.196.98.12
7,Lydia,Vallis,lvallis6@youku.com,Female,163.68.48.8
8,Glen,Knightsbridge,gknightsbridge7@mozilla.org,Male,120.161.210.13
9,Brigham,Fantone,bfantone8@rakuten.co.jp,Male,132.252.20.89
10,Jacki,Nelthrop,jnelthrop9@slideshare.net,Female,40.188.132.52
11,Derrick,O'Cuddie,docuddiea@jimdo.com,Male,138.172.100.59
12,Pepita,Rickerby,prickerbyb@cdbaby.com,Female,89.250.121.213
13,Micheline,Dowrey,mdowreyc@dailymotion.com,Female,57.185.203.52
14,Justus,Ceaser,jceaserd@123-reg.co.uk,Male,135.139.104.170
15,Neely,Boreland,nborelande@weebly.com,Female,138.146.132.232
16,Debby,Smiz,dsmizf@sbwire.com,Female,191.231.97.79
17,Edward,Twinborne,etwinborneg@wikimedia.org,Male,102.46.75.137
18,Maximilianus,Khidr,mkhidrh@unblog.fr,Male,220.227.113.75
19,Car,Aimson,caimsoni@usnews.com,Male,166.189.162.250
20,Gabbey,Rosenboim,grosenboimj@aol.com,Agender,233.235.175.255
